artist,song
lauren spencer-smith,fingers crossed
central cee,cold shoulder
muni long,hrs and hrs
central cee,retail therapy
arctic monkeys,505
wilkinson & issey cross,used to this
dod & carla monroe,still sleepless
adele,someone like you
arctic monkeys,do i wanna know
arctic monkeys,why'd you only call me when you're high
adele,rolling in the deep
shouse,love tonight
yung lean,ginseng strip 2002
passenger,let her go
ksi,holiday
sadie jean,wyd now
arctic monkeys,fluorescent adolescent
arctic monkeys,i bet you look good on the dancefloor
dave & aj tracey,thiago silva
edison lighthouse,love grows (where my rosemary goes)
adele,when we were young
nemzzz,elevate
bad boy chiller crew ft s dog,450
maddie zahm,fat funny friend
steve lacy,dark red
macklemore/ryan lewis/dalton,can't hold us
bru-c & bou,streetside
vundabar,alien blues
bru-c,mesmerised
bbnos ft rich brian,edamame
arctic monkeys,when the sun goes down
central cee,loading
silky ft teedee,mad at me
knucks,los pollos hermanos
arctic monkeys,r u mine
aj tracey,ladbroke grove
two door cinema club,what you know
adele,hello
adele,set fire to the rain
childish gambino,redbone
arctic monkeys,mardy bum
adele,make you feel my love
koomz,pretty one
sr,welcome to brixton
radiohead,creep
bru-c & simula,you & i
lord huron,the night we met
adele,send my love (to your new lover)
game ft kanye west,eazy
craig david & mnek,who you are
